,Role,Predictors,n,prevalence,ROC-AUC,AP,Precision@10%,Lift@10%,Precision@5%,Precision@20%,Brier,Log-loss,Cal. intercept,Cal. slope,Mean predicted
LASSO,LOCKED (selected on development),5.0,5253.0,0.4336569579288026,0.7914080610295039,0.7579378237413341,0.8992395437262357,2.073619544861245,0.935361216730038,0.8363463368220743,0.2005397116242568,0.6081969420108798,0.6288449653435804,0.7865906738626035,0.30132774449409366
Full logistic,Prespecified benchmark,9.0,5253.0,0.4336569579288026,0.789446293003593,0.7557535610017538,0.8954372623574145,2.0648515975256796,0.9391634980988594,0.8306374881065651,0.2013915803315846,0.6117559681858122,0.6033859646028403,0.7600611353759206,0.302352076000357
Forward selection,Descriptive only,6.0,5253.0,0.4336569579288026,0.7893028677669487,0.7553926139413714,0.8954372623574145,2.0648515975256796,0.935361216730038,0.829686013320647,0.20157204300558532,0.6122417626186974,0.6038483476769615,0.7593926361338743,0.30209216633896224
Backward selection,Descriptive only,6.0,5253.0,0.4336569579288026,0.7893028677669487,0.7553926139413714,0.8954372623574145,2.0648515975256796,0.935361216730038,0.829686013320647,0.20157204300558532,0.6122417626186974,0.6038483476769615,0.7593926361338744,0.3020921663389622
Best subset,Descriptive only,6.0,5253.0,0.4336569579288026,0.7893028677669487,0.7553926139413714,0.8954372623574145,2.0648515975256796,0.935361216730038,0.829686013320647,0.20157204300558532,0.6122417626186974,0.6038483476769615,0.7593926361338744,0.3020921663389622
Ridge,Descriptive only,9.0,5253.0,0.4336569579288026,0.7894467356740764,0.7557570058724858,0.8954372623574145,2.0648515975256796,0.9391634980988594,0.8306374881065651,0.20139154692781233,0.6117559815910021,0.6033874273854021,0.7600616253645841,0.3023519161680525
Elastic net,Descriptive only,6.0,5253.0,0.4336569579288026,0.7914251776215314,0.7579947080638016,0.9011406844106464,2.078003518529028,0.935361216730038,0.8344433872502379,0.20056354595564965,0.6085289152237839,0.6290947059868368,0.7852959673128329,0.30114348523067214
Constant (training rate),Prespecified benchmark,,5253.0,0.4336569579288026,0.5,0.4336569579288026,0.4619771863117871,1.0653056012712105,0.5171102661596958,0.44148430066603234,0.2584394866132081,0.7123639451416909,,,0.32033932538881027
Recency rank,Prespecified benchmark,,5253.0,0.4336569579288026,0.7615618890225098,0.6811939843841505,0.7680608365019012,1.7711253617842346,0.7756653992395437,0.7516650808753568,,,,,
