benchmark,metric,LASSO − benchmark,95% CI low,95% CI high
Full logistic,Brier,-0.0008518687073278131,-0.0012331607152901187,-0.0004827899558062851
Full logistic,Log-loss,-0.0035590261749324226,-0.004809497971872331,-0.002401635309558734
Full logistic,ROC-AUC,0.0019617680259108594,0.001189804530367139,0.00271615889485034
Full logistic,AP,0.0021842627395802783,0.0013638465406392158,0.0030829706135655525
Full logistic,Precision@10%,0.0038022813688212143,-0.0038022813688212143,0.011406844106463865
Constant (training rate),Brier,-0.0578997749889513,-0.06367353359568587,-0.05206620205568116
Constant (training rate),Log-loss,-0.10416700313081106,-0.12051106438797622,-0.08692631967981934
Constant (training rate),ROC-AUC,0.2914080610295039,0.279300551838926,0.30339519583685925
Constant (training rate),AP,0.3242808658125315,0.30917985329257835,0.3397172814238944
Constant (training rate),Precision@10%,0.43726235741444863,0.3935361216730038,0.4923954372623574
Recency rank,ROC-AUC,0.02984617200699413,0.02283423990471426,0.03679691116786047
Recency rank,AP,0.07674383935718365,0.060001078052750005,0.09172698018759476
Recency rank,Precision@10%,0.13117870722433456,0.09505703422053224,0.16920152091254748
